,IDfg,Name,Age,G,AB,WAR,name_last,name_first,key_bbref,key_fangraphs,mlb_played_first,2023,shortName,2024,SimplePosition
0,11493,Manny Machado,29,150,578,7.5,machado,manny,machama01,11493,2012.0,"$21,090,909 ",San Diego,$17.091,Batter
1,9777,Nolan Arenado,31,148,557,7.2,arenado,nolan,arenano01,9777,2013.0,"$32,822,071 ",St. Louis,$35.000,Batter
2,5361,Freddie Freeman,32,159,612,7.1,freeman,freddie,freemfr01,5361,2010.0,"$25,290,674 ",LA Dodgers,$25.291,Batter
3,9218,Paul Goldschmidt,34,151,561,7.0,goldschmidt,paul,goldspa01,9218,2011.0,"$25,333,333 ",St. Louis,$25.333,Batter
4,19556,Yordan Alvarez,25,135,470,6.7,álvarez,yordan,alvaryo01,19556,2019.0,"$7,833,333 ",Houston,$10.833,Batter
5,5417,Jose Altuve,32,141,527,6.6,altuve,josé,altuvjo01,5417,2011.0,"$29,200,000 ",Houston,$29.200,Batter
6,13611,Mookie Betts,29,142,572,6.6,betts,mookie,bettsmo01,13611,2014.0,"$21,158,692 ",LA Dodgers,$24.765,Batter
7,12916,Francisco Lindor,28,161,630,6.6,lindor,francisco,lindofr01,12916,2015.0,"$32,477,277 ",NY Mets,$32.477,Batter
8,11739,J.T. Realmuto,31,139,504,6.5,realmuto,j. t.,realmjt01,11739,2014.0,"$23,875,000 ",Philadelphia,$23.875,Batter
9,16252,Trea Turner,29,160,652,6.4,turner,trea,turnetr01,16252,2015.0,"$27,272,727 ",Philadelphia,$27.273,Batter
10,18314,Dansby Swanson,28,162,640,6.4,swanson,dansby,swansda01,18314,2016.0,"$14,000,000 ",Chi Cubs,$26.000,Batter
11,19950,Andres Gimenez,23,146,491,6.2,giménez,andrés,gimenan01,19950,2020.0,"$1,571,429 ",Cleveland,$5.571,Batter
12,10155,Mike Trout,30,119,438,6.0,trout,mike,troutmi01,10155,2011.0,"$37,116,667 ",LA Angels,$37.117,Batter
13,12161,Xander Bogaerts,29,150,557,6.0,bogaerts,xander,bogaexa01,12161,2013.0,"$25,454,545 ",San Diego,$25.455,Batter
14,15362,Jeff McNeil,30,148,533,5.7,mcneil,jeff,mcneije01,15362,2018.0,"$6,250,000 ",NY Mets,$10.250,Batter
15,18360,Austin Riley,25,159,615,5.6,riley,austin,rileyau01,18360,2019.0,"$15,000,000 ",Atlanta,$21.000,Batter
16,19470,Tommy Edman,27,153,577,5.6,edman,tommy,edmanto01,19470,2019.0,"$4,200,000 ",St. Louis,A2,Batter
17,17678,Alex Bregman,28,155,548,5.5,bregman,alex,bregmal01,17678,2016.0,"$30,500,000 ",Houston,$30.500,Batter
18,23697,Julio Rodriguez,21,132,511,5.4,rodríguez,julio,rodriju01,23697,2022.0,"$6,185,714 ",Seattle,$12.186,Batter
19,26288,Adley Rutschman,24,113,398,5.4,rutschman,adley,rutscad01,26288,2022.0,"$733,900 ",Baltimore,,Batter
20,12927,Brandon Nimmo,29,151,580,5.2,nimmo,brandon,nimmobr01,12927,2016.0,"$18,500,000 ",NY Mets,$20.500,Batter
21,19352,Sean Murphy,27,148,537,5.0,murphy,sean,murphse01,19352,2019.0,"$4,000,000 ",Atlanta,$9.000,Batter
22,25931,Michael Harris II,21,114,414,4.9,harris,michael,harrimi04,25931,2022.0,"$5,000,000 ",Atlanta,$5.000,Batter
23,17350,Rafael Devers,25,141,555,4.8,devers,rafael,deverra01,17350,2017.0,"$17,500,000 ",Boston,$29.500,Batter
24,18345,Kyle Tucker,25,150,544,4.8,tucker,kyle,tuckeky01,18345,2018.0,"$5,000,000 ",Houston,A2,Batter
25,19918,Daulton Varsho,25,151,531,4.8,varsho,daulton,varshda01,19918,2020.0,"$3,050,000 ",Toronto,A2,Batter
26,15986,Willy Adames,26,139,563,4.6,adames,willy,adamewi01,15986,2018.0,"$8,700,000 ",Milwaukee,A3,Batter
27,19612,Bo Bichette,24,159,652,4.5,bichette,bo,bichebo01,19612,2019.0,"$3,933,333 ",Toronto,$12.083,Batter
28,24610,Steven Kwan,24,147,563,4.5,kwan,steven,kwanst01,24610,2022.0,"$727,300 ",Cleveland,,Batter
29,14162,Carlos Correa,27,136,522,4.4,correa,carlos,correca01,14162,2015.0,"$33,333,333 ",Minnesota,$33.333,Batter
30,12856,George Springer,32,133,513,4.3,springer,george,springe01,12856,2014.0,"$24,166,667 ",Toronto,$24.167,Batter
31,13624,Corey Seager,28,151,593,4.3,seager,corey,seageco01,13624,2015.0,"$35,500,000 ",Texas,$35.000,Batter
32,13419,Christian Walker,31,160,583,4.2,walker,christian,walkech02,13419,2014.0,"$6,500,000 ",Arizona,A3,Batter
33,21534,Cal Raleigh,25,119,370,4.2,raleigh,cal,raleica01,21534,2021.0,"$758,300 ",Seattle,,Batter
34,16505,Matt Chapman,29,155,538,4.2,chapman,matt,chapmma01,16505,2017.0,"$12,500,000 ",Toronto,FA,Batter
35,18036,Jake Cronenworth,28,158,587,4.2,cronenworth,jake,croneja01,18036,2020.0,"$4,225,000 ",San Diego,$7.286,Batter
36,12552,Eugenio Suarez,30,150,543,4.1,suárez,eugenio,suareeu01,12552,2014.0,"$11,285,714 ",Seattle,$11.286,Batter
37,14161,Byron Buxton,28,92,340,4.0,buxton,byron,buxtoby01,14161,2015.0,"$15,142,857 ",Minnesota,$15.143,Batter
38,7739,Travis d'Arnaud,33,107,396,4.0,d'arnaud,travis,darnatr01,7739,2013.0,"$8,000,000 ",Atlanta,opt,Batter
39,21479,Nico Hoerner,25,135,481,4.0,hoerner,nico,hoernni01,21479,2019.0,"$2,525,000 ",Chi Cubs,$11.500,Batter
40,12533,Marcus Semien,31,161,657,4.0,semien,marcus,semiema01,12533,2013.0,"$26,000,000 ",Texas,$26.000,Batter
41,20123,Juan Soto,23,153,524,3.9,soto,juan,sotoju01,20123,2018.0,"$23,000,000 ",San Diego,A4,Batter
42,17548,Taylor Ward,28,135,495,3.9,ward,taylor,wardta01,17548,2018.0,"$2,750,000 ",LA Angels,A2,Batter
43,22581,Alejandro Kirk,23,139,470,3.9,kirk,alejandro,kirkal01,22581,2020.0,"$767,300 ",Toronto,A1,Batter
44,19755,Shohei Ohtani,27,157,586,3.8,ohtani,shohei,ohtansh01,19755,2018.0,"$30,000,000 ",LA Angels,FA,Starter
45,19251,Pete Alonso,27,160,597,3.8,alonso,pete,alonspe01,19251,2019.0,"$14,500,000 ",NY Mets,A3,Batter
46,16725,Jose Trevino,29,115,335,3.8,trevino,jose,trevijo01,16725,2018.0,"$2,360,000 ",NY Yankees,A2,Batter
47,16578,Yandy Diaz,30,137,473,3.7,díaz,yandy,diazya01,16578,2017.0,"$6,000,000 ",Tampa Bay,$8.000,Batter
48,27506,Ha-seong Kim,26,150,517,3.7,kim,ha-seong,kimha01,27506,2021.0,"$7,000,000 ",San Diego,$8.000,Batter
49,17919,Ian Happ,27,158,573,3.6,happ,ian,happia01,17919,2017.0,"$10,850,000 ",Chi Cubs,FA,Batter
50,19287,Adolis Garcia,29,156,605,3.6,garcía,adolis,garciad02,19287,2018.0,"$747,760 ",Texas,A1,Batter
51,17929,Cedric Mullins II,27,156,608,3.6,mullins,cedric,mullice01,17929,2018.0,"$4,100,000 ",Baltimore,A2,Batter
52,8709,Elvis Andrus,33,149,535,3.5,andrus,elvis,andruel01,8709,2009.0,"$3,000,000 ",Chi White Sox,FA,Batter
53,21636,Jeremy Pena,24,136,521,3.4,peña,jeremy,penaje02,21636,2022.0,"$754,900 ",Houston,,Batter
54,11609,Willson Contreras,30,113,416,3.3,contreras,willson,contrwi01,11609,2016.0,"$10,000,000 ",St. Louis,$18.000,Batter
55,14344,Matt Olson,28,162,616,3.2,olson,matt,olsonma02,14344,2016.0,"$21,000,000 ",Atlanta,$22.000,Batter
56,18568,Luis Arraez,25,144,547,3.1,arráez,luis,arraelu01,18568,2019.0,"$6,100,000 ",Miami,A3,Batter
57,11615,Brandon Drury,29,138,518,3.0,drury,brandon,drurybr01,11615,2015.0,"$8,500,000 ",LA Angels,$8.500,Batter
58,19955,Gavin Lux,24,129,421,3.0,lux,gavin,luxga01,19955,2019.0,"$750,000 ",LA Dodgers,A1,Batter
59,15112,Ryan McMahon,27,153,529,3.0,mcmahon,ryan,mcmahry01,15112,2017.0,"$9,000,000 ",Colorado,$12.000,Batter
60,9874,DJ LeMahieu,33,125,467,3.0,lemahieu,dj,lemahdj01,9874,2011.0,"$15,000,000 ",NY Yankees,$15.000,Batter
61,9241,Starling Marte,33,118,466,2.9,marte,starling,martest01,9241,2012.0,"$20,750,000 ",NY Mets,$20.750,Batter
62,16997,Gleyber Torres,25,140,526,2.9,torres,gleyber,torregl01,16997,2018.0,"$9,950,000 ",NY Yankees,A4,Batter
63,18577,Ke'Bryan Hayes,25,136,505,2.9,hayes,ke'bryan,hayeske01,18577,2020.0,"$10,000,000 ",Pittsburgh,$7.000,Batter
64,17273,Jorge Mateo,27,150,494,2.9,mateo,jorge,mateojo01,17273,2020.0,"$2,000,000 ",Baltimore,A2,Batter
65,19566,Nathaniel Lowe,26,157,593,2.8,lowe,nathaniel,lowena01,19566,2019.0,"$4,050,000 ",Texas,A2,Batter
66,19611,Vladimir Guerrero Jr.,23,160,638,2.8,guerrero,vladimir,guerrvl02,19611,2019.0,"$14,500,000 ",Toronto,A3,Batter
67,19326,Bryan Reynolds,27,145,542,2.8,reynolds,bryan,reynobr01,19326,2019.0,"$6,750,000 ",Pittsburgh,A3,Batter
68,17901,Andrew Benintendi,27,126,461,2.8,benintendi,andrew,beninan01,17901,2016.0,"$8,600,000 ",Chi White Sox,$17.100,Batter
69,16426,Thairo Estrada,26,140,488,2.8,estrada,thairo,estrath01,16426,2019.0,"$2,250,000 ",San Francisco,A2,Batter
70,16478,Kyle Schwarber,29,155,577,2.7,schwarber,kyle,schwaky01,16478,2015.0,"$20,000,000 ",Philadelphia,$20.000,Batter
71,19290,Randy Arozarena,27,153,586,2.7,arozarena,randy,arozara01,19290,2019.0,"$4,150,000 ",Tampa Bay,A2,Batter
72,11445,Mark Canha,33,140,462,2.7,canha,mark,canhama01,11445,2015.0,"$11,500,000 ",NY Mets,$2.000,Batter
73,19734,Josh Rojas,28,125,443,2.7,rojas,josh,rojasjo01,19734,2019.0,"$2,575,000 ",Arizona,A2,Batter
74,18795,Ramon Urias,28,118,403,2.7,urías,ramón,uriasra01,18795,2020.0,"$734,700 ",Baltimore,A1,Batter
75,15518,Amed Rosario,26,153,637,2.7,rosario,amed,rosaram01,15518,2017.0,"$7,800,000 ",Cleveland,FA,Batter
76,16930,Jonah Heim,27,127,406,2.7,heim,jonah,heimjo01,16930,2020.0,"$745,660 ",Texas,A1,Batter
77,16535,Danny Jansen,27,72,215,2.6,jansen,danny,janseda01,16535,2018.0,"$3,500,000 ",Toronto,A3,Batter
78,21454,Lars Nootbaar,24,108,290,2.6,nootbaar,lars,nootbla01,21454,2021.0,"$732,400 ",St. Louis,,Batter
79,24679,Brendan Donovan,25,126,391,2.6,donovan,brendan,donovbr01,24679,2022.0,"$728,600 ",St. Louis,,Batter
80,14551,Anthony Santander,27,152,574,2.6,santander,anthony,santaan02,14551,2017.0,"$7,400,000 ",Baltimore,A4,Batter
81,10815,Jurickson Profar,29,152,575,2.6,profar,jurickson,profaju01,10815,2012.0,"$7,710,778 ",Colorado,FA,Batter
82,9952,Trayce Thompson,31,80,219,2.5,thompson,trayce,thomptr01,9952,2015.0,"$1,450,000 ",LA Dodgers,A2,Batter
83,20503,William Contreras,24,97,334,2.5,contreras,william,contrwi02,20503,2020.0,"$739,000 ",Milwaukee,,Batter
84,20454,Jazz Chisholm Jr.,24,60,213,2.5,chisholm,jazz,chishja01,20454,2020.0,"$749,500 ",Miami,A1,Batter
85,3473,Anthony Rizzo,32,130,465,2.5,rizzo,anthony,rizzoan01,3473,2011.0,"$17,000,000 ",NY Yankees,$17.000,Batter
86,13066,Teoscar Hernandez,29,131,499,2.5,hernández,teoscar,hernate01,13066,2016.0,"$14,000,000 ",Seattle,FA,Batter
87,15464,Hunter Renfroe,30,125,474,2.5,renfroe,hunter,renfrhu01,15464,2016.0,"$11,900,000 ",LA Angels,FA,Batter
88,20126,Dylan Carlson,23,128,432,2.5,carlson,dylan,carlsdy01,20126,2020.0,"$742,400 ",St. Louis,A1,Batter
89,11579,Bryce Harper,29,99,370,2.4,harper,bryce,harpebr03,11579,2012.0,"$27,538,462 ",Philadelphia,$27.539,Batter
90,5235,Justin Turner,37,128,468,2.4,turner,justin,turneju01,5235,2009.0,"$8,300,000 ",Boston,$13.400,Batter
91,12532,Kolten Wong,31,134,430,2.4,wong,kolten,wongko01,12532,2013.0,"$10,000,000 ",Seattle,FA,Batter
92,21622,Jake McCarthy,24,99,321,2.4,mccarthy,jake,mccarja02,21622,2021.0,"$735,600 ",Arizona,,Batter
93,10681,Gio Urshela,30,144,501,2.4,urshela,gio,urshegi01,10681,2015.0,"$8,400,000 ",LA Angels,FA,Batter
94,20036,Isaac Paredes,23,111,331,2.4,paredes,isaac,paredis01,20036,2020.0,"$735,000 ",Tampa Bay,A1,Batter
95,12564,Trevor Story,29,94,357,2.4,story,trevor,storytr01,12564,2016.0,"$20,000,000 ",Boston,$22.500,Batter
96,13301,Max Muncy,31,136,464,2.4,muncy,max,muncyma01,13301,2015.0,"$13,500,000 ",LA Dodgers,opt,Batter
97,8090,Matt Carpenter,36,47,128,2.3,carpenter,matt,carpema01,8090,2011.0,"$6,500,000 ",San Diego,$5.500,Batter
98,16472,Rhys Hoskins,29,156,589,2.3,hoskins,rhys,hoskirh01,16472,2017.0,"$12,000,000 ",Philadelphia,FA,Batter
99,17982,Ty France,27,140,551,2.3,france,ty,francty01,17982,2019.0,"$4,100,000 ",Seattle,A2,Batter
100,23667,Wander Franco,21,83,314,2.3,franco,wander,francwa01,23667,2021.0,"$2,454,546 ",Tampa Bay,$2.455,Batter
101,16622,Luis Urias,25,119,406,2.3,urías,luis,uriaslu01,16622,2018.0,"$4,700,000 ",Milwaukee,A3,Batter
102,25764,Bobby Witt Jr.,22,150,591,2.3,witt,bobby,wittbo02,25764,2022.0,"$745,750 ",Kansas City,,Batter
103,14854,Mike Yastrzemski,31,148,485,2.3,yastrzemski,mike,yastrmi01,14854,2019.0,"$6,100,000 ",San Francisco,A3,Batter
104,19997,Santiago Espinal,27,135,449,2.3,espinal,santiago,espinsa01,19997,2020.0,"$2,100,000 ",Toronto,A2,Batter
105,16153,Austin Slater,29,125,277,2.2,slater,austin,slateau01,16153,2017.0,"$3,200,000 ",San Francisco,A4,Batter
106,18401,Ronald Acuna Jr.,24,119,467,2.2,acuña,ronald,acunaro01,18401,2018.0,"$17,000,000 ",Atlanta,$17.000,Batter
107,11477,Christian Yelich,30,154,575,2.2,yelich,christian,yelicch01,11477,2013.0,"$24,250,727 ",Milwaukee,$24.251,Batter
108,6153,Eduardo Escobar,33,136,495,2.2,escobar,eduardo,escobed01,6153,2011.0,"$9,500,000 ",NY Mets,$0.500,Batter
109,12037,Jon Berti,32,102,358,2.2,berti,jon,bertijo01,12037,2018.0,"$2,100,000 ",Miami,$0.025,Batter
110,5343,Brandon Crawford,35,118,407,2.2,crawford,brandon,crawfbr01,5343,2011.0,"$16,000,000 ",San Francisco,FA,Batter
111,18564,Trent Grisham,25,152,451,2.2,grisham,trent,grishtr01,18564,2019.0,"$3,175,000 ",San Diego,A2,Batter
112,11899,Joc Pederson,30,134,380,2.1,pederson,joc,pederjo01,11899,2014.0,"$19,650,000 ",San Francisco,FA,Batter
113,18042,Dylan Moore,29,104,205,2.1,moore,dylan,mooredy01,18042,2019.0,"$2,083,333 ",Seattle,$3.133,Batter
114,20043,Luis Robert,24,98,380,2.1,robert,luis,roberlu01,20043,2020.0,"$9,500,000 ",Chi White Sox,$12.500,Batter
115,13675,Tyrone Taylor,28,120,373,2.1,taylor,tyrone,tayloty01,13675,2019.0,"$735,400 ",Milwaukee,A1,Batter
116,12325,Jace Peterson,32,113,288,2.1,peterson,jace,peterja01,12325,2014.0,"$4,500,000 ",Oakland,$5.000,Batter
117,17620,Myles Straw,27,152,535,2.1,straw,myles,strawmy01,17620,2018.0,"$2,900,000 ",Cleveland,$4.900,Batter
118,19599,Chas McCormick,27,119,359,2.0,mccormick,chas,mccorch01,19599,2021.0,"$752,500 ",Houston,A1,Batter
119,15172,Tim Anderson,29,79,332,2.0,anderson,tim,anderti01,15172,2016.0,"$12,500,000 ",Chi White Sox,$1.000,Batter
120,15491,J.P. Crawford,27,145,518,2.0,crawford,j. p.,crawfjp01,15491,2017.0,"$11,000,000 ",Seattle,$11.000,Batter
121,12144,Max Kepler,29,115,388,2.0,kepler,max,keplema01,12144,2015.0,"$8,500,000 ",Minnesota,$1.000,Batter
122,18887,Seby Zavala,28,61,178,1.9,zavala,seby,zavalse01,18887,2019.0,"$732,000 ",Chi White Sox,,Batter
123,13757,Chris Taylor,31,118,402,1.9,taylor,chris,tayloch03,13757,2014.0,"$15,000,000 ",LA Dodgers,$13.000,Batter
124,12979,Javier Baez,29,144,555,1.9,báez,javier,baezja01,12979,2014.0,"$22,000,000 ",Detroit,$25.000,Batter
125,17452,Jose Siri,26,104,301,1.9,siri,josé,sirijo01,17452,2021.0,"$731,600 ",Tampa Bay,A1,Batter
126,18839,Josh Naylor,25,122,449,1.8,naylor,josh,naylojo01,18839,2019.0,"$3,350,000 ",Cleveland,A3,Batter
127,13152,Jorge Polanco,28,104,375,1.8,polanco,jorge,polanjo01,13152,2014.0,"$7,500,000 ",Minnesota,$1.000,Batter
128,18171,Seth Brown,29,150,500,1.8,brown,seth,brownse01,18171,2019.0,"$730,000 ",Oakland,A1,Batter
129,5933,Jean Segura,32,98,354,1.8,segura,jean,segurje01,5933,2012.0,"$6,500,000 ",Miami,$8.500,Batter
130,10028,Christian Bethancourt,30,101,318,1.8,bethancourt,christian,bethach01,10028,2013.0,"$1,350,000 ",Tampa Bay,A2,Batter
131,19610,Keibert Ruiz,23,112,394,1.8,ruiz,keibert,ruizke01,19610,2020.0,"$1,375,000 ",Washington,$6.375,Batter
132,15998,Cody Bellinger,26,144,504,1.8,bellinger,cody,bellico01,15998,2017.0,"$12,500,000 ",Chi Cubs,$5.000,Batter
133,17484,Eloy Jimenez,25,84,292,1.7,jiménez,eloy,jimenel02,17484,2019.0,"$10,333,333 ",Chi White Sox,$13.833,Batter
134,2136,David Peralta,34,134,439,1.7,peralta,david,peralda01,2136,2014.0,"$6,500,000 ",LA Dodgers,FA,Batter
135,18373,Ryan Mountcastle,25,145,555,1.7,mountcastle,ryan,mountry01,18373,2020.0,"$738,400 ",Baltimore,A1,Batter
136,19363,Austin Hays,26,145,535,1.7,hays,austin,haysau01,19363,2017.0,"$3,200,000 ",Baltimore,A2,Batter
137,22244,Jack Suwinski,23,106,326,1.7,suwinski,jack,suwinja01,22244,2022.0,"$725,000 ",Pittsburgh,,Batter
138,5038,Josh Donaldson,36,132,478,1.7,donaldson,josh,donaljo02,5038,2010.0,"$21,750,000 ",NY Yankees,$6.000,Batter
139,20202,Brandon Marsh,24,134,424,1.7,marsh,brandon,marshbr02,20202,2021.0,"$734,500 ",Philadelphia,,Batter
140,5517,Kyle Higashioka,32,83,229,1.7,higashioka,kyle,higasky01,5517,2017.0,"$1,462,500 ",NY Yankees,A3,Batter
141,14366,Joey Meneses,30,56,222,1.6,meneses,joey,menesjo01,14366,2022.0,"$723,300 ",Washington,,Batter
142,17988,Tyler Stephenson,25,50,166,1.6,stephenson,tyler,stephty01,17988,2020.0,"$740,000 ",Cincinnati,A1,Batter
143,20970,Oscar Gonzalez,24,91,362,1.6,gonzález,oscar,gonzaos01,20970,2022.0,"$722,600 ",Cleveland,,Batter
144,16337,Nick Gordon,26,138,405,1.6,gordon,nick,gordoni01,16337,2021.0,"$735,400 ",Minnesota,A1,Batter
145,17907,Brendan Rodgers,25,137,527,1.6,rodgers,brendan,rodgebr02,17907,2019.0,"$2,700,000 ",Colorado,A2,Batter
146,19858,Luis Rengifo,25,127,489,1.6,rengifo,luis,rengilu01,19858,2019.0,"$2,300,000 ",LA Angels,A2,Batter
147,9774,Christian Vazquez,31,119,398,1.6,vázquez,christian,vazquch01,9774,2014.0,"$10,000,000 ",Minnesota,$10.000,Batter
148,5827,Wilmer Flores,30,151,525,1.6,flores,wilmer,florewi01,5827,2013.0,"$6,500,000 ",San Francisco,$6.500,Batter
149,15674,Reese McGuire,27,89,249,1.6,mcguire,reese,mcguire01,15674,2018.0,"$1,225,000 ",Boston,A2,Batter
150,27676,Vinnie Pasquantino,24,72,258,1.5,pasquantino,vinnie,pasquvi01,27676,2022.0,"$725,500 ",Kansas City,,Batter
151,21707,Oswaldo Cabrera,23,44,154,1.5,cabrera,oswaldo,cabreos01,21707,2022.0,"$742,100 ",NY Yankees,,Batter
152,18054,Sam Haggerty,28,83,176,1.5,haggerty,sam,haggesa01,18054,2019.0,"$726,600 ",Seattle,A1,Batter
153,13613,Ketel Marte,28,137,492,1.5,marte,ketel,marteke01,13613,2015.0,"$11,600,000 ",Arizona,$13.600,Batter
154,21618,Alec Bohm,25,152,586,1.5,bohm,alec,bohmal01,21618,2020.0,"$748,000 ",Philadelphia,A1,Batter
155,14813,Kyle Farmer,31,145,526,1.5,farmer,kyle,farmeky01,14813,2017.0,"$5,585,000 ",Minnesota,A4,Batter
156,14712,Manuel Margot,27,89,336,1.5,margot,manuel,margoma01,14712,2016.0,"$7,000,000 ",Tampa Bay,$10.000,Batter
157,11281,Whit Merrifield,33,139,504,1.5,merrifield,whit,merriwh01,11281,2016.0,"$6,750,000 ",Toronto,$0.500,Batter
158,11489,Michael A. Taylor,31,124,414,1.5,taylor,michael,taylomi02,11489,2014.0,"$4,500,000 ",Minnesota,FA,Batter
159,5297,Aaron Hicks,32,130,384,1.5,hicks,aaron,hicksaa01,5297,2013.0,"$10,785,714 ",NY Yankees,$9.786,Batter
160,16512,Isiah Kiner-Falefa,27,142,483,1.5,kiner-falefa,isiah,kineris01,16512,2018.0,"$6,000,000 ",NY Yankees,FA,Batter
161,25878,Corbin Carroll,21,32,104,1.4,carroll,corbin,carroco02,25878,2022.0,"$1,625,000 ",Arizona,$3.625,Batter
162,14130,Daniel Vogelbach,29,130,386,1.4,vogelbach,dan,vogelda01,14130,2016.0,"$1,500,000 ",NY Mets,A3,Batter
163,12158,Austin Barnes,32,62,179,1.4,barnes,austin,barneau01,12158,2015.0,"$3,500,000 ",LA Dodgers,$3.500,Batter
164,13324,Ildemaro Vargas,30,63,209,1.4,vargas,ildemaro,vargail01,13324,2017.0,"$975,000 ",Washington,A2,Batter
165,8202,Josh Harrison,34,119,386,1.4,harrison,josh,harrijo05,8202,2011.0,"$2,000,000 ",Philadelphia,FA,Batter
166,19252,Cavan Biggio,27,97,257,1.4,biggio,cavan,biggica01,19252,2019.0,"$2,800,000 ",Toronto,A3,Batter
167,26294,Bryson Stott,24,127,427,1.4,stott,bryson,stottbr01,26294,2022.0,"$734,500 ",Philadelphia,,Batter
168,18030,Harrison Bader,28,86,292,1.4,bader,harrison,baderha01,18030,2017.0,"$5,200,000 ",NY Yankees,FA,Batter
169,14894,Tony Kemp,30,147,497,1.4,kemp,tony,kempto01,14894,2016.0,"$3,725,000 ",Oakland,FA,Batter
170,11265,Jonathan Schoop,30,131,481,1.4,schoop,jonathan,schoojo01,11265,2013.0,"$7,500,000 ",Detroit,FA,Batter
171,13770,Rob Refsnyder,31,57,153,1.3,refsnyder,rob,refsnro01,13770,2015.0,"$1,200,000 ",Boston,A3,Batter
172,9368,Evan Longoria,36,89,266,1.3,longoria,evan,longoev01,9368,2008.0,"$4,000,000 ",Arizona,FA,Batter
173,14111,Eric Haase,29,110,323,1.3,haase,eric,haaseer01,14111,2018.0,"$740,100 ",Detroit,A1,Batter
174,21538,Nick Fortes,25,72,217,1.3,fortes,nick,forteni01,21538,2021.0,"$730,000 ",Miami,,Batter
175,16451,Luis Guillorme,27,102,297,1.3,guillorme,luis,guilllu01,16451,2018.0,"$1,600,000 ",NY Mets,A3,Batter
176,17696,Kevin Newman,28,78,288,1.3,newman,kevin,newmake01,17696,2018.0,"$2,662,500 ",Cincinnati,A3,Batter
177,4106,Michael Brantley,35,64,243,1.2,brantley,michael,brantmi02,4106,2009.0,"$12,000,000 ",Houston,FA,Batter
178,12546,C.J. Cron,32,150,575,1.2,cron,c. j.,croncj01,12546,2014.0,"$7,500,000 ",Colorado,,Batter
179,4949,Giancarlo Stanton,32,110,398,1.2,stanton,giancarlo,stantmi03,4949,2010.0,"$32,000,000 ",NY Yankees,$32.000,Batter
180,15279,Garrett Cooper,31,119,414,1.2,cooper,garrett,coopega03,15279,2017.0,"$4,200,000 ",Miami,FA,Batter
181,14387,Harold Ramirez,27,120,403,1.2,ramírez,harold,ramirha02,14387,2019.0,"$2,200,000 ",Tampa Bay,A2,Batter
182,21711,Oneil Cruz,23,87,331,1.2,cruz,oneil,cruzon01,21711,2021.0,"$720,000 ",Pittsburgh,,Batter
183,17027,Alex Verdugo,26,152,593,1.2,verdugo,alex,verdual01,17027,2017.0,"$6,300,000 ",Boston,A3,Batter
184,5452,Ji-Man Choi,31,113,356,1.2,choi,ji man,choiji01,5452,2016.0,"$4,650,000 ",Pittsburgh,FA,Batter
185,16556,Ozzie Albies,25,64,247,1.2,albies,ozzie,albieoz01,16556,2017.0,"$7,000,000 ",Atlanta,$7.000,Batter
186,15711,Tyler O'Neill,27,96,334,1.2,o'neill,tyler,oneilty01,15711,2018.0,"$4,950,000 ",St. Louis,A3,Batter
187,17022,Edmundo Sosa,26,78,176,1.2,sosa,edmundo,sosaed01,17022,2018.0,"$950,000 ",Philadelphia,A2,Batter
188,14968,Victor Caratini,28,96,272,1.2,caratini,víctor,caratvi01,14968,2017.0,"$2,800,000 ",Milwaukee,,Batter
189,19339,Nicky Lopez,27,142,436,1.2,lopez,nicky,lopezni01,19339,2019.0,"$3,700,000 ",Kansas City,A3,Batter
190,19260,Jake Fraley,27,68,216,1.1,fraley,jake,fraleja01,19260,2019.0,"$740,000 ",Cincinnati,A1,Batter
191,20538,Jose Miranda,24,125,444,1.1,miranda,josé,miranjo01,20538,2022.0,"$727,850 ",Minnesota,,Batter
192,19238,Lourdes Gurriel Jr.,28,121,453,1.1,gurriel,lourdes,gurrilo01,19238,2018.0,"$5,828,571 ",Arizona,FA,Batter
193,13602,Patrick Wisdom,30,134,469,1.1,wisdom,patrick,wisdopa01,13602,2018.0,"$763,000 ",Chi Cubs,A1,Batter
194,10047,Wil Myers,31,77,261,1.1,myers,wil,myerswi01,10047,2013.0,"$6,000,000 ",Cincinnati,$1.500,Batter
195,21501,Trevor Larnach,25,51,160,1.1,larnach,trevor,larnatr01,21501,2021.0,"$733,650 ",Minnesota,,Batter
196,16939,Lane Thomas,26,146,498,1.1,thomas,lane,thomala02,16939,2019.0,"$2,200,000 ",Washington,A2,Batter
197,16939,Lane Thomas,26,146,498,1.1,thomas,lane,thomala02,16939,2019.0,"$2,200,000 ",Washington,,Reliever
198,18900,Leody Taveras,23,99,314,1.1,taveras,leody,taverle01,18900,2020.0,"$733,445 ",Texas,,Batter
199,13853,Joey Wendle,32,101,347,1.1,wendle,joey,wendljo01,13853,2016.0,"$6,000,000 ",Miami,FA,Batter
200,11038,Kevin Kiermaier,32,63,206,1.1,kiermaier,kevin,kiermke01,11038,2013.0,"$9,000,000 ",Toronto,FA,Batter
201,15223,Adam Frazier,30,156,541,1.1,frazier,adam,fraziad01,15223,2016.0,"$8,000,000 ",Baltimore,FA,Batter
202,13338,Omar Narvaez,30,84,262,1.1,narváez,omar,narvaom01,13338,2016.0,"$8,000,000 ",NY Mets,$7.000,Batter
203,27555,Garrett Mitchell,23,28,61,1.0,mitchell,garrett,mitchga01,27555,2022.0,"$724,300 ",Milwaukee,,Batter
204,6184,J.D. Martinez,34,139,533,1.0,martinez,j. d.,martijd02,6184,2011.0,"$10,000,000 ",LA Dodgers,FA,Batter
205,24782,David Villar,25,52,156,1.0,villar,david,villada01,24782,2022.0,"$723,750 ",San Francisco,,Batter
206,15149,Trey Mancini,30,143,519,1.0,mancini,trey,mancitr01,15149,2016.0,"$7,000,000 ",Chi Cubs,$7.000,Batter
207,2396,Carlos Santana,36,131,431,1.0,santana,carlos,santaca01,2396,2010.0,"$6,725,000 ",Pittsburgh,FA,Batter
208,10950,Adam Duvall,33,86,287,1.0,duvall,adam,duvalad01,10950,2014.0,"$7,000,000 ",Boston,FA,Batter
209,7802,Miguel Rojas,33,140,471,1.0,rojas,miguel,rojasmi02,7802,2014.0,"$4,250,000 ",LA Dodgers,$5.000,Batter
210,16219,J.D. Davis,29,115,318,0.9,davis,j. d.,davisjd01,16219,2017.0,"$4,210,000 ",San Francisco,A4,Batter
211,21987,Rodolfo Castro,23,71,253,0.9,castro,rodolfo,castrro01,21987,2021.0,"$725,000 ",Pittsburgh,,Batter
212,25055,Nate Eaton,25,44,106,0.9,eaton,nate,eatonna01,25055,2022.0,"$722,200 ",Kansas City,,Batter
213,18882,Brandon Lowe,27,65,235,0.9,lowe,brandon,lowebr01,18882,2018.0,"$5,250,000 ",Tampa Bay,$8.750,Batter
214,17128,Ramon Laureano,27,94,346,0.9,laureano,ramón,laurera01,17128,2018.0,"$3,550,000 ",Oakland,A3,Batter
215,24618,Ryan Jeffers,25,67,212,0.9,jeffers,ryan,jeffery01,24618,2020.0,"$741,650 ",Minnesota,A1,Batter
216,19392,Zach McKinstry,27,57,166,0.9,mckinstry,zach,mckinza01,19392,2020.0,"$734,500 ",Detroit,,Batter
217,19928,Ryan McKenna,25,105,156,0.9,mckenna,ryan,mckenry01,19928,2021.0,"$725,800 ",Baltimore,A1,Batter
218,17232,Yoan Moncada,27,104,397,0.9,moncada,yoán,moncayo01,17232,2016.0,"$17,800,000 ",Chi White Sox,$24.800,Batter
219,13755,Tomas Nido,28,98,284,0.9,nido,tomás,nidoto01,13755,2017.0,"$1,600,000 ",NY Mets,$2.100,Batter
220,21270,Sean Bouchard,26,27,74,0.8,bouchard,sean,bouchse01,21270,2022.0,"$722,000 ",Colorado,,Batter
221,21635,Nick Maton,25,35,72,0.8,maton,nick,matonni01,21635,2021.0,"$726,600 ",Detroit,,Batter
222,26289,Gunnar Henderson,21,34,116,0.8,henderson,gunnar,hendegu01,26289,2022.0,"$723,200 ",Baltimore,,Batter
223,18889,Danny Mendick,28,31,97,0.8,mendick,danny,mendida01,18889,2019.0,"$1,000,000 ",NY Mets,A2,Batter
224,15679,Rowdy Tellez,27,153,529,0.8,tellez,rowdy,tellero01,15679,2018.0,"$4,950,000 ",Milwaukee,A3,Batter
225,14274,Mitch Haniger,31,57,224,0.8,haniger,mitch,hanigmi01,14274,2016.0,"$8,000,000 ",San Francisco,$20.000,Batter
226,12861,Anthony Rendon,32,47,166,0.8,rendon,anthony,rendoan01,12861,2013.0,"$38,571,429 ",LA Angels,$38.571,Batter
227,13355,Luke Maile,31,76,181,0.8,maile,luke,mailelu01,13355,2015.0,"$1,175,000 ",Cincinnati,FA,Batter
228,19983,Conner Capel,25,22,52,0.7,capel,conner,capelco01,19983,2022.0,"$720,000 ",Oakland,,Batter
229,22664,Gabriel Moreno,22,25,69,0.7,moreno,gabriel,morenga01,22664,2022.0,"$722,500 ",Arizona,,Batter
230,13185,Orlando Arcia,27,68,209,0.7,arcia,orlando,arciaor01,13185,2016.0,"$2,300,000 ",Atlanta,$2.000,Batter
231,2967,Tommy Pham,34,144,554,0.7,pham,tommy,phamth01,2967,2014.0,"$6,000,000 ",NY Mets,FA,Batter
232,21524,Joey Bart,25,97,261,0.7,bart,joey,bartjo01,21524,2020.0,"$735,000 ",San Francisco,,Batter
233,24655,Owen Miller,25,130,424,0.7,miller,owen,milleow01,24655,2021.0,"$731,100 ",Milwaukee,,Batter
234,17338,Willi Castro,25,112,365,0.7,castro,willi,castrwi01,17338,2019.0,"$1,800,000 ",Minnesota,A2,Batter
235,17992,David Fletcher,28,61,216,0.7,fletcher,david,fletcda02,17992,2018.0,"$6,000,000 ",LA Angels,$6.000,Batter
236,21614,Kyle Isbel,25,106,256,0.7,isbel,kyle,isbelky01,21614,2021.0,"$727,500 ",Kansas City,,Batter
237,22799,Geraldo Perdomo,22,148,431,0.7,perdomo,geraldo,perdoge01,22799,2021.0,"$738,600 ",Arizona,,Batter
238,15429,Kris Bryant,30,42,160,0.6,bryant,kris,bryankr01,15429,2015.0,"$28,000,000 ",Colorado,$28.000,Batter
239,18067,Garrett Stubbs,29,50,106,0.6,stubbs,garrett,stubbga01,18067,2019.0,"$741,000 ",Philadelphia,A1,Batter
240,20321,Stuart Fairchild,26,46,97,0.6,fairchild,stuart,faircst01,20321,2021.0,"$722,500 ",Cincinnati,,Batter
241,19683,Mike Brosseau,28,70,141,0.6,brosseau,mike,brossmi01,19683,2019.0,"$1,400,000 ",Milwaukee,A2,Batter
242,19522,T.J. Friedl,26,72,225,0.6,friedl,tj,friedtj01,19522,2021.0,"$722,500 ",Cincinnati,,Batter
243,15794,Yonathan Daza,28,113,372,0.6,daza,yonathan,dazayo01,15794,2019.0,"$730,000 ",Colorado,A1,Batter
244,2900,Roberto Perez,33,21,60,0.6,pérez,roberto,perezro02,2900,2014.0,"$2,500,000 ",San Francisco,,Batter
245,15937,Aledmys Diaz,31,92,305,0.6,díaz,aledmys,diazal02,15937,2016.0,"$6,500,000 ",Oakland,$8.000,Batter
246,27684,Michael Massey,24,52,173,0.6,massey,michael,massemi02,27684,2022.0,"$722,850 ",Kansas City,,Batter
247,14128,Joey Gallo,28,126,350,0.6,gallo,joey,gallojo01,14128,2015.0,"$11,000,000 ",Minnesota,FA,Batter
248,18821,Jose Azocar,26,98,202,0.6,azocar,josé,azocajo01,18821,2022.0,"$723,700 ",San Diego,,Batter
249,9627,Yan Gomes,34,86,277,0.6,gomes,yan,gomesya01,9627,2012.0,"$6,000,000 ",Chi Cubs,$1.000,Batter
250,23792,Alek Thomas,22,113,381,0.6,thomas,alek,thomaal01,23792,2022.0,"$735,200 ",Arizona,,Batter
251,17109,Meibrys Viloria,25,26,63,0.6,viloria,meibrys,vilorme01,17109,2018.0,"$750,000 ",Cleveland,,Batter
252,20437,Royce Lewis,23,12,40,0.5,lewis,royce,lewisro02,20437,2022.0,"$727,100 ",Minnesota,,Batter
253,16686,Jason Vosler,28,36,98,0.5,vosler,jason,vosleja01,16686,2021.0,"$1,000,000 ",Cincinnati,,Batter
254,25961,Kerry Carpenter,24,31,103,0.5,carpenter,kerry,carpeke01,25961,2022.0,"$723,700 ",Detroit,,Batter
255,7304,Salvador Perez,32,114,445,0.5,pérez,salvador,perezsa02,7304,2011.0,"$20,000,000 ",Kansas City,$20.000,Batter
256,8623,Donovan Solano,34,80,278,0.5,solano,donovan,solando01,8623,2012.0,"$2,000,000 ",Minnesota,FA,Batter
257,22263,Nolan Gorman,22,89,283,0.5,gorman,nolan,gormano01,22263,2022.0,"$726,950 ",St. Louis,,Batter
258,21523,Jonathan India,25,103,386,0.5,india,jonathan,indiajo01,21523,2021.0,"$760,000 ",Cincinnati,A1,Batter
259,14221,Jorge Soler,30,72,270,0.5,soler,jorge,solerjo01,14221,2014.0,"$15,000,000 ",Miami,$9.000,Batter
260,14477,Jake Cave,29,54,164,0.5,cave,jake,caveja01,14477,2018.0,"$950,000 ",Philadelphia,A3,Batter
261,12282,Rougned Odor,28,135,426,0.5,odor,rougned,odorro01,12282,2014.0,"$800,000 ",San Diego,FA,Batter
262,13620,Carson Kelly,27,104,317,0.5,kelly,carson,kellyca02,13620,2016.0,"$4,275,000 ",Arizona,A4,Batter
263,6887,Martin Maldonado,35,113,344,0.5,maldonado,martín,maldoma01,6887,2011.0,"$5,000,000 ",Houston,,Batter
264,19422,Brian Serven,27,62,187,0.5,serven,brian,servebr01,19422,2022.0,"$722,000 ",Colorado,,Batter
265,18363,Victor Robles,25,132,366,0.5,robles,víctor,roblevi01,18363,2017.0,"$2,325,000 ",Washington,opt,Batter
266,25660,Will Brennan,24,11,42,0.4,brennan,will,brennwi02,25660,2022.0,"$720,100 ",Cleveland,,Batter
267,19717,Darick Hall,26,42,136,0.4,hall,darick,hallda02,19717,2022.0,"$724,500 ",Philadelphia,,Batter
268,20505,Drew Waters,23,32,96,0.4,waters,drew,waterdr01,20505,2022.0,"$722,400 ",Kansas City,,Batter
269,20056,Alan Trejo,26,35,118,0.4,trejo,alan,trejoal01,20056,2021.0,"$722,000 ",Colorado,,Batter
270,19600,Bryan De La Cruz,25,115,329,0.4,de la cruz,bryan,delacbr01,19600,2021.0,"$736,000 ",Miami,,Batter
271,3516,Eric Hosmer,32,104,380,0.4,hosmer,eric,hosmeer01,3516,2011.0,"$13,000,000 ",Chi Cubs,,Batter
272,12147,Nick Ahmed,32,17,52,0.4,ahmed,nick,ahmedni01,12147,2014.0,"$10,375,000 ",Arizona,FA,Batter
273,10762,Corey Dickerson,33,97,281,0.4,dickerson,corey,dickeco01,10762,2013.0,"$2,250,000 ",Washington,FA,Batter
274,13590,Jesse Winker,28,136,456,0.4,winker,jesse,winkeje01,13590,2017.0,"$8,250,000 ",Milwaukee,FA,Batter
275,19960,Taylor Trammell,24,43,102,0.4,trammell,taylor,trammta01,19960,2021.0,"$726,700 ",Seattle,,Batter
276,9256,A.J. Pollock,34,138,489,0.4,pollock,aj,polloaj01,9256,2012.0,"$7,000,000 ",Seattle,FA,Batter
277,12510,Curt Casali,33,57,148,0.4,casali,curt,casalcu01,12510,2014.0,"$2,500,000 ",Cincinnati,$0.750,Batter
278,21293,Dalton Guthrie,26,14,21,0.3,guthrie,dalton,guthrda01,21293,2022.0,"$722,500 ",Philadelphia,,Batter
279,21293,Dalton Guthrie,26,14,21,0.3,guthrie,dalton,guthrda01,21293,2022.0,"$722,500 ",Philadelphia,,Batter
280,22514,Triston Casas,22,27,76,0.3,casas,triston,casastr01,22514,2022.0,"$723,500 ",Boston,,Batter
281,19698,Edward Olivares,26,53,161,0.3,olivares,edward,olivaed02,19698,2020.0,"$740,750 ",Kansas City,A1,Batter
282,14811,Luke Voit,31,135,500,0.3,voit,luke,voitlu01,14811,2017.0,"$2,000,000 ",Milwaukee,opt,Batter
283,15161,Mitch Garver,31,54,188,0.3,garver,mitch,garvemi01,15161,2017.0,"$3,900,000 ",Texas,FA,Batter
284,9847,Andrew McCutchen,35,134,515,0.3,mccutchen,andrew,mccutan01,9847,2009.0,"$5,000,000 ",Pittsburgh,FA,Batter
285,14350,Raimel Tapia,28,128,411,0.3,tapia,raimel,tapiara01,14350,2016.0,"$2,000,000 ",Boston,FA,Batter
286,18126,LaMonte Wade Jr.,28,77,217,0.3,wade,lamonte,wadela01,18126,2019.0,"$1,375,000 ",San Francisco,A2,Batter
287,18289,Brian Anderson,29,98,338,0.3,anderson,brian,anderbr06,18289,2017.0,"$3,500,000 ",Milwaukee,FA,Batter
288,19953,Josh Lowe,24,52,181,0.3,lowe,josh,lowejo01,19953,2021.0,"$723,200 ",Tampa Bay,,Batter
289,22261,Bubba Thompson,24,55,170,0.3,thompson,bubba,thompbu01,22261,2022.0,"$724,305 ",Texas,,Batter
290,20308,Jake Meyers,26,52,150,0.3,meyers,jake,meyerja02,20308,2021.0,"$732,000 ",Houston,,Batter
291,12859,James McCann,32,61,174,0.3,mccann,james,mccanja02,12859,2014.0,"$12,150,000 ",Baltimore,$12.150,Batter
292,25111,David Hensley,26,16,29,0.2,hensley,david,henslda01,25111,2022.0,"$722,600 ",Houston,,Batter
293,23818,Ji Hwan Bae,22,10,33,0.2,bae,ji hwan,baeji01,23818,2022.0,"$725,000 ",Pittsburgh,,Batter
294,16434,Christian Arroyo,27,87,280,0.2,arroyo,christian,arroych01,16434,2017.0,"$2,000,000 ",Boston,A3,Batter
295,26151,Kyle Stowers,24,34,91,0.2,stowers,kyle,stoweky01,26151,2022.0,"$722,200 ",Baltimore,,Batter
296,20543,Elehuris Montero,23,53,176,0.2,montero,elehuris,monteel01,20543,2022.0,"$722,000 ",Colorado,,Batter
297,15941,Austin Nola,32,110,347,0.2,nola,austin,nolaau01,15941,2019.0,"$2,350,000 ",San Diego,A2,Batter
298,16403,Francisco Mejia,26,93,289,0.2,mejía,francisco,mejiafr01,16403,2017.0,"$2,155,000 ",Tampa Bay,A3,Batter
299,16424,Jordan Luplow,28,83,205,0.2,luplow,jordan,luplojo01,16424,2017.0,"$1,400,000 ",Atlanta,A3,Batter
300,20521,Nick Madrigal,25,59,209,0.2,madrigal,nick,madrini01,20521,2020.0,"$1,225,000 ",Chi Cubs,A2,Batter
301,16530,Mauricio Dubon,27,104,243,0.2,dubón,mauricio,dubonma01,16530,2019.0,"$1,400,000 ",Houston,A2,Batter
302,19806,Jason Delay,27,57,155,0.2,delay,jason,delayja01,19806,2022.0,"$720,000 ",Pittsburgh,,Batter
303,25867,Ryan Kreidler,24,26,73,0.2,kreidler,ryan,kreidry01,25867,2022.0,"$721,600 ",Detroit,,Batter
304,18316,Edwin Rios,28,27,86,0.1,ríos,edwin,riosed01,18316,2019.0,"$1,000,000 ",Chi Cubs,A2,Batter
305,7859,Charlie Blackmon,35,135,530,0.1,blackmon,charlie,blackch02,7859,2011.0,"$15,000,000 ",Colorado,,Batter
306,19901,Gavin Sheets,26,124,377,0.1,sheets,gavin,sheetga01,19901,2021.0,"$735,000 ",Chi White Sox,,Batter
307,25816,Shea Langeliers,24,40,142,0.1,langeliers,shea,langesh01,25816,2022.0,"$720,000 ",Oakland,,Batter
308,10264,Brandon Belt,34,78,254,0.1,belt,brandon,beltbr01,10264,2011.0,"$9,300,000 ",Toronto,FA,Batter
309,14773,Yu Chang,26,69,168,0.1,chang,yu,changyu01,14773,2019.0,"$850,000 ",Boston,A2,Batter
310,19896,Connor Wong,26,27,48,0.1,wong,connor,wongco01,19896,2021.0,"$722,000 ",Boston,,Batter
311,18015,Paul DeJong,28,77,210,0.1,dejong,paul,dejonpa01,18015,2017.0,"$9,166,667 ",St. Louis,$2.000,Batter
312,14735,Brett Phillips,28,83,201,0.1,phillips,brett,phillbr02,14735,2017.0,"$1,200,000 ",LA Angels,A2,Batter
313,16572,Connor Joe,29,111,404,0.0,joe,connor,joeco01,16572,2019.0,"$735,000 ",Pittsburgh,A1,Batter
314,24400,Terrin Vavra,25,40,89,0.0,vavra,terrin,vavrate01,24400,2022.0,"$722,100 ",Baltimore,,Batter
315,23733,Ezequiel Duran,23,58,208,0.0,duran,ezequiel,duranez01,23733,2022.0,"$724,170 ",Texas,,Batter
316,20233,Gilberto Celestino,23,122,311,0.0,celestino,gilberto,celesgi01,20233,2021.0,"$731,450 ",Minnesota,,Batter
317,21562,Romy Gonzalez,25,32,105,0.0,gonzalez,romy,gonzaro01,21562,2021.0,"$723,000 ",Chi White Sox,,Batter
318,12981,Cam Gallagher,29,18,42,0.0,gallagher,cam,gallaca01,12981,2017.0,"$1,250,000 ",Cleveland,A3,Batter
319,15124,Tim Locastro,29,38,43,0.0,locastro,tim,locasti01,15124,2017.0,"$1,400,000 ",NY Mets,A2,Batter
320,19354,Luke Raley,27,22,61,0.0,raley,luke,raleylu01,19354,2021.0,"$722,300 ",Tampa Bay,,Batter
321,10059,Max Stassi,31,102,333,0.0,stassi,max,stassma01,10059,2013.0,"$7,000,000 ",LA Angels,$7.000,Batter
322,13265,Mike Zunino,31,36,115,0.0,zunino,mike,zuninmi01,13265,2013.0,"$6,000,000 ",Cleveland,FA,Batter
323,17040,Jose Herrera,25,47,111,0.0,herrera,josé,herrejo04,17040,2022.0,"$724,300 ",Arizona,,Batter
324,13769,Adalberto Mondesi,26,15,50,0.0,mondesí,adalberto,mondera02,13769,2016.0,"$3,045,000 ",Boston,FA,Batter
325,13329,Jake Lamb,31,41,97,-0.1,lamb,jake,lambja01,13329,2014.0,"$1,250,000 ",LA Angels,FA,Batter
326,26299,Josh Jung,24,26,98,-0.1,jung,josh,jungjo01,26299,2022.0,"$721,485 ",Texas,,Batter
327,21558,Matt Vierling,25,117,325,-0.1,vierling,matt,vierlma01,21558,2021.0,"$727,100 ",Detroit,,Batter
328,19318,Matt Thaiss,27,29,69,-0.1,thaiss,matt,thaisma01,19318,2019.0,"$740,000 ",LA Angels,,Batter
329,13621,Jeimer Candelario,28,124,429,-0.1,candelario,jeimer,candeje01,13621,2016.0,"$5,000,000 ",Washington,FA,Batter
330,26323,Spencer Steer,24,28,95,-0.1,steer,spencer,steersp01,26323,2022.0,"$720,000 ",Cincinnati,,Batter
331,24064,Ezequiel Tovar,20,9,33,-0.1,tovar,ezequiel,tovarez01,24064,2022.0,"$722,000 ",Colorado,,Batter
332,15653,Dominic Smith,27,58,134,-0.1,smith,dominic,smithdo02,15653,2017.0,"$2,000,000 ",Washington,A4,Batter
333,22558,Jarred Kelenic,22,54,163,-0.1,kelenic,jarred,kelenja01,22558,2021.0,"$729,400 ",Seattle,,Batter
334,10243,Randal Grichuk,30,141,506,-0.2,grichuk,randal,grichra01,10243,2014.0,"$10,333,333 ",Colorado,FA,Batter
335,22197,MJ Melendez,23,129,460,-0.2,melendez,mj,melenmj01,22197,2022.0,"$726,500 ",Kansas City,,Batter
336,14567,Franchy Cordero,27,84,242,-0.2,cordero,franchy,cordefr02,14567,2017.0,"$1,000,000 ",NY Yankees,A3,Batter
337,22563,Gabriel Arias,22,16,47,-0.2,arias,gabriel,ariasga01,22563,2022.0,"$720,100 ",Cleveland,,Batter
338,19906,Diego Castillo,24,96,262,-0.2,castillo,diego,castidi02,19906,2022.0,"$2,950,000 ",Seattle,,Batter
339,19906,Diego Castillo,24,96,262,-0.2,castillo,diego,castidi02,19906,2022.0,"$2,950,000 ",Seattle,A3,Reliever
340,19906,Diego Castillo,24,96,262,-0.2,castillo,diego,castidi02,19906,2022.0,"$2,950,000 ",Arizona,,Batter
341,19906,Diego Castillo,24,96,262,-0.2,castillo,diego,castidi02,19906,2022.0,"$2,950,000 ",Arizona,A3,Reliever
342,22217,Luis Campusano,23,16,48,-0.2,campusano,luis,campulu01,22217,2020.0,"$722,700 ",San Diego,,Batter
343,15082,Adam Engel,30,119,245,-0.2,engel,adam,engelad01,15082,2017.0,"$1,000,000 ",San Diego,FA,Batter
344,13750,Elier Hernandez,27,14,33,-0.2,hernandez,elier,hernael02,13750,2022.0,"$720,000 ",Kansas City,,Batter
345,15672,Austin Meadows,27,36,128,-0.3,meadows,austin,meadoau01,15672,2018.0,"$4,300,000 ",Detroit,A3,Batter
346,5254,Robbie Grossman,32,129,411,-0.3,grossman,robbie,grossro01,5254,2013.0,"$2,000,000 ",Texas,FA,Batter
347,25768,CJ Abrams,21,90,284,-0.3,abrams,cj,abramcj01,25768,2022.0,"$724,200 ",Washington,,Batter
348,15905,Luis Torrens,26,57,151,-0.3,torrens,luis,torrelu01,15905,2017.0,"$1,200,000 ",Chi Cubs,A2,Batter
349,10200,Tucker Barnhart,31,94,281,-0.3,barnhart,tucker,barnhtu01,10200,2014.0,"$3,250,000 ",Chi Cubs,$3.250,Batter
350,27615,Alec Burleson,23,16,48,-0.3,burleson,alec,burleal01,27615,2022.0,"$721,450 ",St. Louis,,Batter
351,21780,Esteury Ruiz,23,17,35,-0.3,ruiz,esteury,ruizes01,21780,2022.0,"$720,000 ",Oakland,,Batter
352,13854,Anthony Bemboom,32,22,52,-0.3,bemboom,anthony,bemboan01,13854,2019.0,"$900,000 ",Baltimore,,Batter
353,4892,Mike Moustakas,33,78,252,-0.4,moustakas,mike,moustmi01,4892,2011.0,"$18,000,000 ",Colorado,,Batter
354,19514,Andrew Knizner,27,97,260,-0.4,knizner,andrew,kniznan01,19514,2019.0,"$1,100,000 ",St. Louis,A2,Batter
355,11368,Yasmani Grandal,33,99,327,-0.4,grandal,yasmani,grandya01,11368,2012.0,"$18,250,000 ",Chi White Sox,FA,Batter
356,4940,Jason Heyward,32,48,137,-0.4,heyward,jason,heywaja01,4940,2010.0,"$22,000,000 ",LA Dodgers,FA,Batter
357,19627,Brent Rooker,27,16,32,-0.4,rooker,brent,rookebr01,19627,2020.0,"$725,000 ",Oakland,,Batter
358,19151,Estevan Florial,24,17,31,-0.4,florial,estevan,flories01,19151,2020.0,"$728,500 ",NY Yankees,,Batter
359,26197,Andrew Vaughn,24,134,510,-0.5,vaughn,andrew,vaughan01,26197,2021.0,"$760,000 ",Chi White Sox,A1,Batter
360,10324,Marcell Ozuna,31,124,470,-0.5,ozuna,marcell,ozunama01,10324,2013.0,"$18,000,000 ",Atlanta,$18.000,Batter
361,14691,Harold Castro,28,120,420,-0.5,castro,harold,castrha01,14691,2018.0,"$1,300,000 ",Colorado,A3,Batter
362,12976,Austin Hedges,29,105,294,-0.5,hedges,austin,hedgeau01,12976,2015.0,"$5,000,000 ",Pittsburgh,FA,Batter
363,8418,Ehire Adrianza,32,37,97,-0.5,adrianza,ehire,adriaeh01,8418,2013.0,"$1,000,000 ",Atlanta,FA,Batter
364,20178,Miguel Vargas,22,18,47,-0.5,vargas,miguel,vargami01,20178,2022.0,"$722,500 ",LA Dodgers,,Batter
365,21853,Will Benson,24,28,55,-0.5,benson,will,bensowi01,21853,2022.0,"$720,000 ",Cincinnati,,Batter
366,11342,Jesus Aguilar,32,129,464,-0.6,aguilar,jesús,aguilje01,11342,2014.0,"$3,000,000 ",Oakland,FA,Batter
367,20325,Alex Kirilloff,24,45,144,-0.6,kirilloff,alex,kirilal01,20325,2021.0,"$735,650 ",Minnesota,A1,Batter
368,18607,Jared Walsh,28,118,423,-0.6,walsh,jared,walshja01,18607,2019.0,"$2,650,000 ",LA Angels,A2,Batter
369,19293,Nick Senzel,27,110,373,-0.6,senzel,nick,senzeni01,19293,2019.0,"$1,950,000 ",Cincinnati,A3,Batter
370,17893,Tyler Nevin,25,58,157,-0.6,nevin,tyler,nevinty01,17893,2021.0,"$723,000 ",Detroit,,Batter
371,22458,Taylor Walls,25,142,407,-0.6,walls,taylor,wallsta01,22458,2021.0,"$727,600 ",Tampa Bay,A1,Batter
372,17954,Sam Hilliard,28,70,174,-0.6,hilliard,sam,hillisa01,17954,2019.0,"$750,000 ",Atlanta,A1,Batter
373,17321,Michael Chavis,26,129,401,-0.7,chavis,michael,chavimi01,17321,2019.0,"$1,000,000 ",Washington,A2,Batter
374,5760,Avisail Garcia,31,98,357,-0.7,garcía,avisaíl,garciav01,5760,2012.0,"$12,000,000 ",Miami,$12.000,Batter
375,19458,Cooper Hummel,27,66,176,-0.7,hummel,cooper,hummeco01,19458,2022.0,"$723,800 ",Seattle,,Batter
376,19844,Abraham Toro,25,109,324,-0.7,toro,abraham,toroab01,19844,2019.0,"$1,250,000 ",Milwaukee,A2,Batter
377,17710,Matt Beaty,29,20,43,-0.7,beaty,matt,beatyma01,17710,2019.0,"$1,250,000 ",San Francisco,A2,Batter
378,11737,Nick Castellanos,30,136,524,-0.8,castellanos,nick,casteni01,11737,2013.0,"$20,000,000 ",Philadelphia,$20.000,Batter
379,4314,Joey Votto,38,91,322,-0.8,votto,joey,vottojo01,4314,2007.0,"$25,000,000 ",Cincinnati,FA,Batter
380,12371,Tommy La Stella,33,60,180,-0.8,la stella,tommy,lasteto01,12371,2014.0,"$11,500,000 ",Seattle,FA,Batter
381,13723,Jacob Stallings,32,114,346,-0.8,stallings,jacob,stallja01,13723,2016.0,"$3,350,000 ",Miami,A4,Batter
382,19198,Yuli Gurriel,38,146,545,-0.9,gurriel,yuli,gourryu01,19198,2016.0,"$1,250,000 ",Miami,FA,Batter
383,15117,Hunter Dozier,30,129,462,-1.0,dozier,hunter,doziehu01,15117,2016.0,"$7,500,000 ",Kansas City,$9.250,Batter
384,14566,Franmil Reyes,26,118,438,-1.0,reyes,franmil,reyesfr01,14566,2018.0,"$2,000,000 ",Kansas City,A3,Batter
385,27465,Spencer Torkelson,22,110,360,-1.0,torkelson,spencer,torkesp01,27465,2022.0,"$723,100 ",Detroit,,Batter
386,12155,Eddie Rosario,30,80,250,-1.1,rosario,eddie,rosared01,12155,2015.0,"$9,000,000 ",Atlanta,opt,Batter
387,12775,Brad Miller,32,81,222,-1.2,miller,brad,millebr02,12775,2013.0,"$4,000,000 ",Texas,FA,Batter
388,19864,Riley Adams,26,48,142,-1.2,adams,riley,adamsri03,19864,2021.0,"$728,800 ",Washington,,Batter
389,23378,Jose Barrero,24,48,165,-1.2,barrero,josé,garcijo02,23378,2020.0,"$730,000 ",Cincinnati,,Batter
390,11680,Elias Diaz,31,105,351,-1.5,díaz,elías,diazel01,11680,2015.0,"$5,500,000 ",Colorado,$6.000,Batter
391,1744,Miguel Cabrera,39,112,397,-1.5,cabrera,miguel,cabremi01,1744,2003.0,"$32,000,000 ",Detroit,$8.000,Batter
